# Genomic Vs MT542339-MT542468,,Rhesus or Cynomolgus
IGHV4-NL_24*01_S8809,MT542339,R
IGHV4-NL_24*01_S7595,MT542340,R
IGHV4-NL_1*01_S1456 ,MT542341,R
IGHV4-149*02_S6878  ,MT542342,R
IGHV4-NL_1*01_S8720 ,MT542343,R
IGHV4-117*01_S0992  ,MT542344,R
IGHV4-NL_10*02_S9348,MT542345,R
IGHV4-NL_10*01_S7684,MT542346,R
IGHV4-NL_1*01_S9508 ,MT542347,R
IGHV4-NL_1*01_S8621 ,MT542348,R
IGHV4-NL_1*01_S1593 ,MT542349,R
IGHV4-NL_23*01_S1296,MT542350,R
IGHV4-117*01_S2932  ,MT542351,R
IGHV2-69*01_S0230   ,MT542352,C
IGHV2-69*02_S8202   ,MT542353,R
IGHV2-118*01_S1355  ,MT542354,C
IGHV1-138*01_S0851  ,MT542355,C
IGHV1-138*01_S4144  ,MT542356,R
IGHV1-138*01_S2593  ,MT542357,R
IGHV1-138*01_S2734  ,MT542358,C
IGHV1-138*01_S6073  ,MT542359,R
IGHV1-138*01_S0032  ,MT542360,C
IGHV1-138*01_S3445  ,MT542361,R
IGHV1-138*01_S2054  ,MT542362,R
IGHV1-138*01_S8860  ,MT542363,R
IGHV1-138*02_S0669  ,MT542364,C
IGHV4-144*01_S1446  ,MT542365,C
IGHV4-144*01_S6192  ,MT542366,C
IGHV4-144*01_S3008  ,MT542367,R
IGHV2-69*01_S4797   ,MT542368,R
IGHV2-69*01_S2648   ,MT542369,C
IGHV2-118*01_S0293  ,MT542370,C
IGHV2-118*01_S6364  ,MT542371,R
IGHV2-NL_2*01_S2193 ,MT542372,R
IGHV4-NL_15*01_S5717,MT542373,R
IGHV4-NL_10*01_S8809,MT542374,C
IGHV4-117*01_S2204  ,MT542375,R
IGHV4-67*02_S8878   ,MT542376,R
IGHV4-67*02_S4494   ,MT542377,C
IGHV4-NL_33*01_S4377,MT542378,R
IGHV4-NL_33*01_S9333,MT542379,C
IGHV4-174*02_S5400  ,MT542380,R
IGHV4-NL_33*01_S3086,MT542381,R
IGHV4-149*01_S3418  ,MT542382,R
IGHV4-NL_29*01_S9965,MT542383,R
IGHV4-NL_28*01_S8886,MT542384,C
IGHV4-79*02_S9501   ,MT542385,R
IGHV4-117*01_S1924  ,MT542386,R
IGHV4-117*01_S6852  ,MT542387,R
IGHV4-NL_1*02_S5113 ,MT542388,R
IGHV4-NL_5*01_S5158 ,MT542389,R
IGHV4-NL_17*01_S5431,MT542390,R
IGHV4-NL_1*01_S7317 ,MT542391,C
IGHV4-117*01_S2181  ,MT542392,C
IGHV4-NL_27*01_S1515,MT542393,C
IGHV4-NL_5*01_S6960 ,MT542394,C
IGHV4-NL_5*01_S8913 ,MT542395,R
IGHV4-NL_27*01_S0482,MT542396,C
IGHV4-NL_36*01_S0848,MT542397,R
IGHV4-NL_29*01_S3761,MT542398,R
IGHV4-NL_29*01_S9610,MT542399,R
IGHV4-NL_36*01_S6687,MT542400,R
IGHV4-NL_36*01_S6474,MT542401,R
IGHV4-NL_27*01_S7431,MT542402,R
IGHV4-NL_18*01_S3907,MT542403,C
IGHV4-NL_36*01_S5847,MT542404,R
IGHV4-NL_13*01_S9273,MT542405,C
IGHV4-NL_28*01_S2610,MT542406,R
IGHV4-NL_29*01_S7498,MT542407,C
IGHV4-72*01_S8261   ,MT542408,R
IGHV4-NL_27*01_S9596,MT542409,R
IGHV4-NL_21*01_S1118,MT542410,R
IGHV4-NL_21*01_S0138,MT542411,R
IGHV4-NL_1*02_S1821 ,MT542412,R
IGHV4-NL_8*02_S1704 ,MT542413,C
IGHV4-150*01_S1575  ,MT542414,C
IGHV4-NL_22*01_S9255,MT542415,R
IGHV4-NL_22*01_S2393,MT542416,R
IGHV4-NL_25*01_S9955,MT542417,R
IGHV4-NL_16*01_S2324,MT542418,R
IGHV4-NL_17*01_S2469,MT542419,R
IGHV4-NL_17*01_S3082,MT542420,R
IGHV4-NL_17*01_S4099,MT542421,R
IGHV4-NL_25*01_S6383,MT542422,R
IGHV4-NL_16*01_S2138,MT542423,R
IGHV4-NL_17*01_S2080,MT542424,R
IGHV4-NL_25*01_S1514,MT542425,C
IGHV4-NL_36*01_S5766,MT542426,C
IGHV4-NL_40*01_S0979,MT542427,R
IGHV4-NL_20*01_S7244,MT542428,R
IGHV4-NL_20*01_S3868,MT542429,R
IGHV4-NL_17*01_S8189,MT542430,C
IGHV1-NL_2*01_S3568 ,MT542431,R
IGHV1-105*01_S9006  ,MT542432,C
IGHV1-NL_2*01_S9602 ,MT542433,C
IGHV1-NL_2*01_S9896 ,MT542434,R
IGHV1-NL_2*01_S8362 ,MT542435,C
IGHV1-105*01_S1228  ,MT542436,C
IGHV1-NL_2*01_S5862 ,MT542437,C
IGHV1-NL_2*01_S2245 ,MT542438,C
IGHV4-NL_37*01_S0997,MT542439,C
IGHV4-NL_37*01_S0825,MT542440,C
IGHV3-100*01_S4375  ,MT542441,R
IGHV3-141*02_S6589  ,MT542442,R
IGHV3-73*02_S5005   ,MT542443,R
IGHV3-NL_12*02_S5864,MT542444,R
IGHV3-52*02_S4550   ,MT542445,R
IGHV1-84*01_S4663   ,MT542446,R
IGHV1-84*01_S0025   ,MT542447,R
IGHV1-84*01_S2078   ,MT542448,C
IGHV3-NL_13*01_S3277,MT542449,R
IGHV3-NL_11*01_S3736,MT542450,R
IGHV3-NL_1*01_S4850 ,MT542451,C
IGHV3-NL_7*01_S0199 ,MT542452,R
IGHV3-NL_17*01_S4250,MT542453,R
IGHV3-NL_18*01_S3867,MT542454,R
IGHV3-NL_16*01_S5133,MT542455,R
IGHV3-NL_2*01_S3900 ,MT542456,R
IGHV3-NL_2*01_S9710 ,MT542457,C
IGHV3-NL_1*01_S4331 ,MT542458,R
IGHV3-NL_1*01_S9854 ,MT542459,R
IGHV3-NL_5*01_S8361 ,MT542460,R
IGHV3-88*01_S9155   ,MT542461,R
IGHV3-NL_8*01_S7474 ,MT542462,R
IGHV3-187*01_S1387  ,MT542463,R
IGHV3-9*01_S8777    ,MT542464,R
IGHV3-NL_9*01_S6098 ,MT542465,R
IGHV3-177*01_S8409  ,MT542466,R
IGHV3-88*01_S9470   ,MT542467,R
IGHV4-NL_23*01_S3043,MT542468,C
# Genomic Ds MT643195-MT643212,,
IGHD2-10*01_S295,MT643195,C
IGHD2-10*01_S8741,MT643196,C
IGHD2-11*01_S1259          ,MT643197,R
IGHD2-14*02_S0040          ,MT643198,C
IGHD2-14*02_S0100          ,MT643199,R
IGHD2-14*02_S1717          ,MT643200,R
IGHD3-19*02_S4720          ,MT643201,R
IGHD3-41*01_S1308          ,MT643202,C
IGHD3-41*01_S1524          ,MT643203,C
IGHD3-41*01_S4389          ,MT643204,R
IGHD3-41*01_S8240          ,MT643205,R
IGHD5-28*01_S4021          ,MT643206,C
IGHD5-32*01_S0263          ,MT643207,R
IGHD5-32*01_S0995          ,MT643208,R
IGHD5-32*01_S2987          ,MT643209,R
IGHD6-33*01_S4467          ,MT643210,C
IGHD6-38*01_S4618          ,MT643211,C
IGHD6-39*01_S0850          ,MT643212,R
# Genomic Js MT643228-MT643233,,
IGHJ1-1*01_S0456           ,MT643228,R
IGHJ1-1*01_S0488           ,MT643229,C
IGHJ2*01_S5087             ,MT643230,R
IGHJ4-3*01_S9191           ,MT643231,R
IGHJ5-5*01_S6098           ,MT643232,R
IGHJ6-6*01_S0171           ,MT643233,C
