# Inferred Vs MT561887-MT563069 and MT643213-MT643227,
IGHV2-NL_1*01_S5211 ,MT561887
IGHV5-157*01_S6479  ,MT561888
IGHV3-175*01_S1614  ,MT561889
IGHV3-50*01         ,MT561890
IGHV4-NL_42*01_S3572,MT561891
IGHV3-128*01_S6966  ,MT561892
IGHV6-1*02          ,MT561893
IGHV4-NL_29*01_S3761,MT561894
IGHV3-100*01_S4375  ,MT561895
IGHV3-152*01_S5891  ,MT561896
IGHV4-NL_1*02_S1821 ,MT561897
IGHV4-NL_33*01_S4467,MT561898
IGHV1-124*01_S7834  ,MT561899
IGHV3-NL_8*01_S9938 ,MT561900
IGHV3-NL_1*01_S1080 ,MT561901
IGHV1-170*01_S3055  ,MT561902
IGHV3-120*01_S4231  ,MT561903
IGHV3-177*01_S5369  ,MT561904
IGHV4-NL_21*01_S6650,MT561905
IGHV3-NL_15*01_S4749,MT561906
IGHV1-138*01_S6073  ,MT561907
IGHV4-117*01_S4879  ,MT561908
IGHV4-150*01_S0749  ,MT561909
IGHV4-NL_1*02_S5113 ,MT561910
IGHV4-NL_9*01_S3502 ,MT561911
IGHV4-72*01_S8261   ,MT561912
IGHV3-88*02_S9033   ,MT561913
IGHV3-122*01_S8388  ,MT561914
IGHV3-76*02_S4190   ,MT561915
IGHV4-NL_38*01_S9472,MT561916
IGHV7-135*01        ,MT561917
IGHV5-15*01         ,MT561918
IGHV3-122*01_S5299  ,MT561919
IGHV1-170*01        ,MT561920
IGHV3-119*01        ,MT561921
IGHV3-NL_1*01_S9854 ,MT561922
IGHV3-52*01_S8160   ,MT561923
IGHV3-NL_17*01_S4250,MT561924
IGHV7-135*02_S1424  ,MT561925
IGHV4-NL_17*01_S2469,MT561926
IGHV2-69*01_S6153   ,MT561927
IGHV3-172*01_S2175  ,MT561928
IGHV3-NL_19*01_S6894,MT561929
IGHV4-174*02_S3984  ,MT561930
IGHV3-5*01          ,MT561931
IGHV4-NL_22*01_S6977,MT561932
IGHV7-86*02         ,MT561933
IGHV3-NL_9*01_S6098 ,MT561934
IGHV4-NL_24*01_S7595,MT561935
IGHV3-9*02          ,MT561936
IGHV4-117*01        ,MT561937
IGHV4-NL_5*01_S7147 ,MT561938
IGHV4-79*02_S9501   ,MT561939
IGHV3-53*01_S4256   ,MT561940
IGHV1-138*01_S2054  ,MT561941
IGHV3-NL_6*02_S7808 ,MT561942
IGHV3-177*01_S6408  ,MT561943
IGHV3-NL_11*01_S6390,MT561944
IGHV3-NL_14*01_S1113,MT561945
IGHV3-NL_2*01_S5884 ,MT561946
IGHV2-7*02_S1732    ,MT561947
IGHV1-84*01_S9171   ,MT561948
IGHV4-NL_17*01_S5431,MT561949
IGHV3-127*01_S5510  ,MT561950
IGHV3-128*02_S0204  ,MT561951
IGHV4-144*01_S3008  ,MT561952
IGHV4-67*01_S4509   ,MT561953
IGHV3-NL_13*01_S5549,MT561954
IGHV4-NL_27*01_S9001,MT561955
IGHV1-NL_1*01_S2052 ,MT561956
IGHV3-73*02         ,MT561957
IGHV4-NL_1*01_S0689 ,MT561958
IGHV3-128*01        ,MT561959
IGHV3-NL_11*01_S5714,MT561960
IGHV4-117*01_S0992  ,MT561961
IGHV4-174*02        ,MT561962
IGHV3-28*01         ,MT561963
IGHV2-173*01        ,MT561964
IGHV4-67*01         ,MT561965
IGHV4-NL_21*01_S0142,MT561966
IGHV3-87*01         ,MT561967
IGHV2-118*01        ,MT561968
IGHV4-NL_1*01_S8720 ,MT561969
IGHV4-NL_9*01_S4567 ,MT561970
IGHV3-NL_13*01_S3277,MT561971
IGHV1-84*01         ,MT561972
IGHV4-NL_36*01_S8200,MT561973
IGHV5-15*01_S9061   ,MT561974
IGHV1-58*02         ,MT561975
IGHV3-NL_11*01_S8390,MT561976
IGHV3-76*01         ,MT561977
IGHV4-NL_38*01_S8437,MT561978
IGHV4-NL_23*01_S4212,MT561979
IGHV3-NL_17*01_S9589,MT561980
IGHV7-86*01         ,MT561981
IGHV1-124*01        ,MT561982
IGHV4-NL_1*01_S9290 ,MT561983
IGHV2-118*01_S6364  ,MT561984
IGHV3-100*01        ,MT561985
IGHV3-83*01         ,MT561986
IGHV4-79*01         ,MT561987
IGHV3-103*01        ,MT561988
IGHV3-172*01        ,MT561989
IGHV4-149*02_S8521  ,MT561990
IGHV3-53*02         ,MT561991
IGHV3-187*02        ,MT561992
IGHV3-NL_18*01_S3867,MT561993
IGHV3-73*01         ,MT561994
IGHV4-NL_17*01_S7355,MT561995
IGHV1-105*01        ,MT561996
IGHV4-NL_16*01_S2324,MT561997
IGHV4-72*01         ,MT561998
IGHV4-NL_23*01_S1296,MT561999
IGHV3-9*01          ,MT562000
IGHV3-94*01         ,MT562001
IGHV4-93*01         ,MT562002
IGHV2-69*01         ,MT562003
IGHV1-138*02        ,MT562004
IGHV3-88*01         ,MT562005
IGHV4-NL_21*01_S0138,MT562006
IGHV1-124*01_S1765  ,MT562007
IGHV5-157*01        ,MT562008
IGHV3-127*01_S2849  ,MT562009
IGHV3-122*01        ,MT562010
IGHV4-144*02        ,MT562011
IGHV4-NL_36*01_S5847,MT562012
IGHV3-141*01_S4264  ,MT562013
IGHV3-88*01_S1523   ,MT562014
IGHV3-34*01_S2915   ,MT562015
IGHV3-127*01        ,MT562016
IGHV3-128*02_S1375  ,MT562017
IGHV3-NL_14*01_S0721,MT562018
IGHV3-NL_17*01_S4257,MT562019
IGHV3-NL_11*01_S9627,MT562020
IGHV3-NL_1*01_S3947 ,MT562021
IGHV4-NL_4*01_S8866 ,MT562022
IGHV5-157*01_S5960  ,MT562023
IGHV1-105*01_S0606  ,MT562024
IGHV4-117*01_S3417  ,MT562025
IGHV2-118*01_S8501  ,MT562026
IGHV4-NL_40*01_S0696,MT562027
IGHV4-NL_33*01_S4377,MT562028
IGHV3-NL_11*01_S4619,MT562029
IGHV5-15*01_S4790   ,MT562030
IGHV3-73*01_S3636   ,MT562031
IGHV4-NL_1*02_S1777 ,MT562032
IGHV4-NL_21*01_S6308,MT562033
IGHV4-149*01_S0794  ,MT562034
IGHV4-NL_1*01_S1593 ,MT562035
IGHV4-NL_42*01_S3666,MT562036
IGHV3-100*02_S9884  ,MT562037
IGHV2-118*01_S4632  ,MT562038
IGHV3-187*02_S8458  ,MT562039
IGHV4-NL_5*01_S0876 ,MT562040
IGHV4-67*01_S8901   ,MT562041
IGHV4-NL_20*01_S4754,MT562042
IGHV3-53*01_S2000   ,MT562043
IGHV4-NL_17*01_S4099,MT562044
IGHV1-84*01_S5842   ,MT562045
IGHV2-69*02_S0779   ,MT562046
IGHV4-144*01_S3113  ,MT562047
IGHV3-50*01_S1879   ,MT562048
IGHV3-152*01_S1340  ,MT562049
IGHV4-NL_22*01_S2393,MT562050
IGHV3-83*02_S9518   ,MT562051
IGHV2-NL_1*01_S5779 ,MT562052
IGHV4-NL_27*01_S7431,MT562053
IGHV7-86*01_S0772   ,MT562054
IGHV4-117*01_S8404  ,MT562055
IGHV4-67*02         ,MT562056
IGHV4-NL_5*01_S1492 ,MT562057
IGHV3-NL_2*01_S3900 ,MT562058
IGHV4-NL_33*01_S3086,MT562059
IGHV3-141*02_S6589  ,MT562060
IGHV4-NL_1*01_S8621 ,MT562061
IGHV2-NL_1*01_S9725 ,MT562062
IGHV4-NL_27*01_S2979,MT562063
IGHV4-NL_27*01_S7871,MT562064
IGHV3-NL_1*01_S4331 ,MT562065
IGHV4-NL_1*01_S9508 ,MT562066
IGHV3-NL_14*01_S1995,MT562067
IGHV1-60*01_S7602   ,MT562068
IGHV3-9*01_S0778    ,MT562069
IGHV5-15*01_S2502   ,MT562070
IGHV3-52*01         ,MT562071
IGHV4-NL_20*01_S2908,MT562072
IGHV4-NL_25*01_S2780,MT562073
IGHV1-138*01_S2593  ,MT562074
IGHV2-69*02         ,MT562075
IGHV3-172*01_S8824  ,MT562076
IGHV3-187*01_S1387  ,MT562077
IGHV3-127*01_S6769  ,MT562078
IGHV4-144*01        ,MT562079
IGHV4-149*01_S1992  ,MT562080
IGHV5-157*02_S3096  ,MT562081
IGHV5-15*01_S5299   ,MT562082
IGHV3-NL_19*01_S5460,MT562083
IGHV3-73*02_S7955   ,MT562084
IGHV4-NL_5*01_S5158 ,MT562085
IGHV4-NL_5*01_S8645 ,MT562086
IGHV2-NL_2*01_S8873 ,MT562087
IGHV4-NL_36*01_S6474,MT562088
IGHV3-NL_4*01_S6405 ,MT562089
IGHV3-53*01         ,MT562090
IGHV3-53*01_S5688   ,MT562091
IGHV4-NL_43*01_S4510,MT562092
IGHV1-NL_2*01_S2228 ,MT562093
IGHV3-128*01_S1128  ,MT562094
IGHV4-93*01_S5203   ,MT562095
IGHV4-NL_33*01_S5330,MT562096
IGHV3-52*02_S5117   ,MT562097
IGHV4-NL_36*01_S0848,MT562098
IGHV2-69*02_S8202   ,MT562099
IGHV4-NL_20*01_S0030,MT562100
IGHV4-NL_1*01_S2710 ,MT562101
IGHV3-53*01_S1252   ,MT562102
IGHV4-NL_17*01_S0936,MT562103
IGHV4-NL_29*01_S9965,MT562104
IGHV3-NL_18*01_S0984,MT562105
IGHV4-93*01_S0171   ,MT562106
IGHV4-NL_27*01_S5706,MT562107
IGHV4-72*01_S1622   ,MT562108
IGHV3-88*02_S1355   ,MT562109
IGHV3-NL_4*01_S9635 ,MT562110
IGHV3-NL_4*01_S2727 ,MT562111
IGHV5-157*01_S8626  ,MT562112
IGHV3-NL_17*01_S5770,MT562113
IGHV4-NL_25*01_S9955,MT562114
IGHV4-117*01_S6852  ,MT562115
IGHV3-73*02_S5005   ,MT562116
IGHV4-NL_21*01_S4478,MT562117
IGHV3-50*01_S6687   ,MT562118
IGHV4-NL_1*01_S0419 ,MT562119
IGHV3-37*01_S6325   ,MT562120
IGHV4-149*01_S1430  ,MT562121
IGHV3-76*01_S4285   ,MT562122
IGHV4-NL_31*01_S7693,MT562123
IGHV3-50*01_S9079   ,MT562124
IGHV3-152*01_S7388  ,MT562125
IGHV4-144*01_S9923  ,MT562126
IGHV3-83*01_S5932   ,MT562127
IGHV4-144*01_S2658  ,MT562128
IGHV3-187*01_S1133  ,MT562129
IGHV4-150*01_S1822  ,MT562130
IGHV4-NL_36*01_S0936,MT562131
IGHV4-NL_27*01_S6960,MT562132
IGHV4-NL_17*01_S4954,MT562133
IGHV4-NL_24*01_S0809,MT562134
IGHV4-150*01_S5542  ,MT562135
IGHV2-173*01_S9930  ,MT562136
IGHV2-NL_2*01_S2193 ,MT562137
IGHV3-NL_19*01_S9323,MT562138
IGHV4-NL_5*01_S6060 ,MT562139
IGHV4-72*01_S2051   ,MT562140
IGHV3-141*01_S3493  ,MT562141
IGHV5-15*01_S8661   ,MT562142
IGHV3-NL_15*01_S5125,MT562143
IGHV2-69*01_S5121   ,MT562144
IGHV4-150*01_S9374  ,MT562145
IGHV2-69*01_S4797   ,MT562146
IGHV4-NL_11*01_S5570,MT562147
IGHV3-172*01_S0577  ,MT562148
IGHV4-NL_15*01_S5717,MT562149
IGHV4-NL_21*01_S7469,MT562150
IGHV3-NL_17*01_S8244,MT562151
IGHV1-193*01_S6037  ,MT562152
IGHV4-NL_38*01_S0981,MT562153
IGHV3-88*01_S6384   ,MT562154
IGHV3-NL_1*01_S9422 ,MT562155
IGHV1-84*01_S0302   ,MT562156
IGHV4-NL_24*01_S5697,MT562157
IGHV4-NL_1*01_S7240 ,MT562158
IGHV7-135*01_S9086  ,MT562159
IGHV4-NL_30*01_S4251,MT562160
IGHV4-NL_1*02_S8056 ,MT562161
IGHV4-117*01_S5847  ,MT562162
IGHV5-15*01_S0203   ,MT562163
IGHV3-128*02_S6042  ,MT562164
IGHV4-NL_12*01_S6471,MT562165
IGHV3-119*01_S5944  ,MT562166
IGHV3-NL_1*01_S0740 ,MT562167
IGHV4-NL_10*01_S7523,MT562168
IGHV3-128*01_S5544  ,MT562169
IGHV4-NL_33*01_S9588,MT562170
IGHV6-1*01          ,MT562171
IGHV4-NL_27*01_S1515,MT562172
IGHV4-NL_36*01_S9644,MT562173
IGHV5-NL_1*02_S5699 ,MT562174
IGHV3-141*02_S7020  ,MT562175
IGHV1-NL_2*01_S6034 ,MT562176
IGHV3-5*01_S7285    ,MT562177
IGHV4-NL_5*01_S6960 ,MT562178
IGHV4-NL_27*01_S5720,MT562179
IGHV7-86*01_S8063   ,MT562180
IGHV4-NL_27*01_S2222,MT562181
IGHV4-117*01_S7493  ,MT562182
IGHV3-120*01_S7674  ,MT562183
IGHV2-69*01_S0230   ,MT562184
IGHV4-117*01_S2181  ,MT562185
IGHV2-7*02_S3534    ,MT562186
IGHV4-NL_5*01_S0908 ,MT562187
IGHV2-NL_2*01_S6246 ,MT562188
IGHV1-60*01_S7772   ,MT562189
IGHV3-50*01_S9862   ,MT562190
IGHV1-84*01_S2078   ,MT562191
IGHV3-NL_1*01_S4906 ,MT562192
IGHV3-83*02_S3364   ,MT562193
IGHV3-73*02_S4889   ,MT562194
IGHV3-NL_5*01_S4429 ,MT562195
IGHV3-34*01_S1123   ,MT562196
IGHV3-172*01_S1597  ,MT562197
IGHV4-117*01_S1028  ,MT562198
IGHV3-NL_3*02_S6269 ,MT562199
IGHV4-NL_28*01_S1005,MT562200
IGHV3-76*01_S9591   ,MT562201
IGHV3-127*01_S3530  ,MT562202
IGHV1-NL_2*01_S2245 ,MT562203
IGHV3-177*01_S8409  ,MT562204
IGHV3-187*01_S6641  ,MT562205
IGHV3-NL_6*02_S6474 ,MT562206
IGHV3-NL_1*01_S6560 ,MT562207
IGHV7-86*02_S1706   ,MT562208
IGHV3-NL_18*01_S7220,MT562209
IGHV3-87*01_S2131   ,MT562210
IGHV3-NL_17*01_S0120,MT562211
IGHV3-NL_2*01_S7567 ,MT562212
IGHV3-NL_12*02_S3129,MT562213
IGHV4-NL_42*01_S8550,MT562214
IGHV1-60*01_S1023   ,MT562215
IGHV2-NL_1*01_S4605 ,MT562216
IGHV4-NL_36*01_S7581,MT562217
IGHV1-NL_2*01_S3304 ,MT562218
IGHV4-174*02_S7573  ,MT562219
IGHV3-177*01_S2755  ,MT562220
IGHV4-NL_22*01_S2464,MT562221
IGHV3-143*01_S1591  ,MT562222
IGHV3-76*01_S0794   ,MT562223
IGHV4-NL_1*01_S2474 ,MT562224
IGHV4-NL_30*01_S1240,MT562225
IGHV3-141*02_S7574  ,MT562226
IGHV4-NL_36*01_S9894,MT562227
IGHV4-NL_18*01_S3907,MT562228
IGHV4-NL_13*01_S9273,MT562229
IGHV3-141*02_S0467  ,MT562230
IGHV4-NL_17*01_S7793,MT562231
IGHV4-NL_1*02_S2201 ,MT562232
IGHV3-53*01_S6215   ,MT562233
IGHV3-120*01        ,MT562234
IGHV3-NL_16*01_S7722,MT562235
IGHV4-144*01_S0885  ,MT562236
IGHV3-122*01_S0584  ,MT562237
IGHV1-124*01_S6748  ,MT562238
IGHV4-NL_1*01_S8520 ,MT562239
IGHV3-83*02_S1476   ,MT562240
IGHV4-149*01_S4098  ,MT562241
IGHV3-100*01_S5468  ,MT562242
IGHV3-53*01_S8913   ,MT562243
IGHV2-118*01_S1355  ,MT562244
IGHV4-NL_41*01_S6928,MT562245
IGHV1-105*01_S8693  ,MT562246
IGHV4-NL_41*01_S9253,MT562247
IGHV3-141*02_S4949  ,MT562248
IGHV3-36*01_S6650   ,MT562249
IGHV4-NL_16*01_S2138,MT562250
IGHV2-69*01_S3644   ,MT562251
IGHV3-NL_4*01_S6875 ,MT562252
IGHV4-NL_25*01_S1514,MT562253
IGHV4-144*01_S6192  ,MT562254
IGHV3-73*02_S0606   ,MT562255
IGHV3-NL_12*02_S5246,MT562256
IGHV3-128*01_S3124  ,MT562257
IGHV3-73*02_S9730   ,MT562258
IGHV3-NL_1*01_S0448 ,MT562259
IGHV3-141*02_S4330  ,MT562260
IGHV3-88*02_S1054   ,MT562261
IGHV2-69*01_S1113   ,MT562262
IGHV6-1*02_S6792    ,MT562263
IGHV4-NL_17*01_S8189,MT562264
IGHV4-67*02_S4494   ,MT562265
IGHV4-NL_21*01_S5257,MT562266
IGHV5-157*01_S5362  ,MT562267
IGHV4-NL_29*01_S7498,MT562268
IGHV3-100*01_S2773  ,MT562269
IGHV3-34*02_S0799   ,MT562270
IGHV4-150*01_S4911  ,MT562271
IGHV4-NL_13*01_S1361,MT562272
IGHV4-NL_24*01_S3447,MT562273
IGHV2-NL_1*01_S7937 ,MT562274
IGHV3-73*02_S2538   ,MT562275
IGHV3-53*01_S2905   ,MT562276
IGHV3-NL_16*01_S7825,MT562277
IGHV1-105*01_S1228  ,MT562278
IGHV4-NL_5*01_S1559 ,MT562279
IGHV3-NL_11*01_S3004,MT562280
IGHV3-127*01_S2385  ,MT562281
IGHV3-141*01_S8690  ,MT562282
IGHV4-NL_37*01_S0825,MT562283
IGHV4-NL_10*01_S4826,MT562284
IGHV4-67*01_S6570   ,MT562285
IGHV4-144*01_S1446  ,MT562286
IGHV1-138*01_S0032  ,MT562287
IGHV1-138*01_S2734  ,MT562288
IGHV4-NL_22*01_S9775,MT562289
IGHV4-NL_28*01_S0629,MT562290
IGHV4-NL_36*01_S1694,MT562291
IGHV3-172*01_S8488  ,MT562292
IGHV3-NL_2*01_S9710 ,MT562293
IGHV3-73*02_S7500   ,MT562294
IGHV4-149*01_S2615  ,MT562295
IGHV4-NL_36*01_S5766,MT562296
IGHV4-NL_1*01_S7054 ,MT562297
IGHV3-36*01_S6740   ,MT562298
IGHV3-NL_1*01_S1988 ,MT562299
IGHV3-NL_1*01_S4850 ,MT562300
IGHV3-28*01_S4621   ,MT562301
IGHV4-149*01_S5969  ,MT562302
IGHV1-84*01_S4048   ,MT562303
IGHV4-NL_27*01_S5217,MT562304
IGHV3-128*02_S0577  ,MT562305
IGHV3-88*01_S3027   ,MT562306
IGHV4-79*01_S6884   ,MT562307
IGHV1-138*02_S9625  ,MT562308
IGHV2-69*01_S2648   ,MT562309
IGHV4-150*01_S5230  ,MT562310
IGHV4-NL_22*01_S1072,MT562311
IGHV4-NL_37*01_S0071,MT562312
IGHV3-5*01_S4034    ,MT562313
IGHV3-NL_17*01_S1342,MT562314
IGHV4-NL_41*01_S4457,MT562315
IGHV4-NL_5*01_S6337 ,MT562316
IGHV4-117*01_S3455  ,MT562317
IGHV3-52*02_S6213   ,MT562318
IGHV4-NL_28*01_S8886,MT562319
IGHV2-118*01_S2278  ,MT562320
IGHV4-NL_37*01_S0997,MT562321
IGHV4-NL_1*01_S9616 ,MT562322
IGHV3-152*01        ,MT562323
IGHV3-NL_12*02_S6383,MT562324
IGHV1-NL_1*01_S5433 ,MT562325
IGHV1-NL_2*01_S9602 ,MT562326
IGHV1-NL_2*01_S8362 ,MT562327
IGHV3-NL_18*01_S6396,MT562328
IGHV4-NL_1*01_S5641 ,MT562329
IGHV3-NL_17*01_S0238,MT562330
IGHV7-86*01_S6667   ,MT562331
IGHV3-50*01_S8418   ,MT562332
IGHV4-NL_40*01_S9020,MT562333
IGHV3-NL_2*01_S0144 ,MT562334
IGHV7-86*01_S5062   ,MT562335
IGHV3-52*02_S4550   ,MT562336
IGHV4-NL_22*01_S4706,MT562337
IGHV4-NL_27*01_S0482,MT562338
IGHV3-5*01_S1720    ,MT562339
IGHV2-NL_1*01_S3259 ,MT562340
IGHV3-53*01_S3647   ,MT562341
IGHV4-NL_17*01_S6249,MT562342
IGHV4-149*02_S6878  ,MT562343
IGHV3-36*01_S1803   ,MT562344
IGHV3-128*01_S6300  ,MT562345
IGHV3-87*01_S1401   ,MT562346
IGHV4-NL_33*01_S9333,MT562347
IGHV3-NL_11*01_S4380,MT562348
IGHV3-NL_18*01_S3886,MT562349
IGHV3-76*02_S4686   ,MT562350
IGHV3-119*01_S1683  ,MT562351
IGHV4-NL_16*01_S2458,MT562352
IGHV5-157*01_S4351  ,MT562353
IGHV2-118*01_S0293  ,MT562354
IGHV2-7*02_S4285    ,MT562355
IGHV4-NL_17*01_S6933,MT562356
IGHV4-144*01_S0298  ,MT562357
IGHV4-NL_10*01_S4164,MT562358
IGHV3-NL_17*01_S6268,MT562359
IGHV3-73*01_S7929   ,MT562360
IGHV1-138*01_S0851  ,MT562361
IGHV3-141*01_S2251  ,MT562362
IGHV3-187*01_S9337  ,MT562363
IGHV3-50*01_S8530   ,MT562364
IGHV3-NL_11*01_S4102,MT562365
IGHV3-128*02_S7423  ,MT562366
IGHV4-NL_6*01_S3002 ,MT562367
IGHV4-NL_1*02_S7536 ,MT562368
IGHV4-149*01_S2186  ,MT562369
IGHV5-15*01_S0175   ,MT562370
IGHV3-94*01_S8766   ,MT562371
IGHV4-NL_33*01_S9199,MT562372
IGHV4-NL_1*01_S4155 ,MT562373
IGHV3-177*01        ,MT562374
IGHV2-NL_1*01_S7542 ,MT562375
IGHV4-NL_1*02_S9550 ,MT562376
IGHV4-NL_17*01_S2142,MT562377
IGHV4-NL_19*01_S4449,MT562378
IGHV2-69*01_S8990   ,MT562379
IGHV3-28*01_S7540   ,MT562380
IGHV3-NL_19*01_S2166,MT562381
IGHV4-144*01_S3590  ,MT562382
IGHV4-NL_10*01_S7118,MT562383
IGHV7-86*01_S1348   ,MT562384
IGHV4-150*01        ,MT562385
IGHV3-34*01_S0949   ,MT562386
IGHV1-NL_1*01_S8523 ,MT562387
IGHV3-NL_16*01_S5994,MT562388
IGHV3-37*01_S0586   ,MT562389
IGHV4-NL_1*01_S4823 ,MT562390
IGHV3-5*01_S8008    ,MT562391
IGHV3-NL_17*01_S6168,MT562392
IGHV1-105*01_S9006  ,MT562393
IGHV4-NL_1*02_S2428 ,MT562394
IGHV3-NL_5*01_S8361 ,MT562395
IGHV3-83*02_S3476   ,MT562396
IGHV2-118*01_S8953  ,MT562397
IGHV4-NL_27*01_S9596,MT562398
IGHV3-NL_12*02_S1760,MT562399
IGHV4-NL_28*01_S8057,MT562400
IGHV3-NL_17*01_S1160,MT562401
IGHV4-67*01_S8827   ,MT562402
IGHV4-NL_24*01_S2784,MT562403
IGHV7-86*01_S8420   ,MT562404
IGHV3-128*01_S3120  ,MT562405
IGHV3-9*01_S4754    ,MT562406
IGHV4-NL_13*01_S9624,MT562407
IGHV4-NL_27*01_S7150,MT562408
IGHV4-NL_10*01_S7684,MT562409
IGHV2-69*01_S2408   ,MT562410
IGHV4-117*01_S2932  ,MT562411
IGHV3-NL_16*01_S8234,MT562412
IGHV4-67*02_S8878   ,MT562413
IGHV4-93*01_S1164   ,MT562414
IGHV3-NL_4*01_S9392 ,MT562415
IGHV3-127*01_S3041  ,MT562416
IGHV3-53*01_S2949   ,MT562417
IGHV1-84*01_S5228   ,MT562418
IGHV4-NL_12*01_S5174,MT562419
IGHV4-NL_22*01_S9255,MT562420
IGHV3-122*01_S6138  ,MT562421
IGHV4-NL_33*01_S8127,MT562422
IGHV4-NL_33*01_S1148,MT562423
IGHV4-NL_10*02_S9348,MT562424
IGHV3-177*01_S4102  ,MT562425
IGHV7-86*01_S6208   ,MT562426
IGHV3-177*01_S8387  ,MT562427
IGHV3-73*01_S6942   ,MT562428
IGHV2-118*01_S2768  ,MT562429
IGHV3-NL_11*01_S8670,MT562430
IGHV3-88*01_S4297   ,MT562431
IGHV3-NL_14*01_S7988,MT562432
IGHV3-73*02_S3937   ,MT562433
IGHV3-NL_11*01_S3736,MT562434
IGHV3-NL_18*01_S5825,MT562435
IGHV4-149*01_S6502  ,MT562436
IGHV4-149*01_S8526  ,MT562437
IGHV5-157*02_S5108  ,MT562438
IGHV3-187*01_S4259  ,MT562439
IGHV3-127*01_S8923  ,MT562440
IGHV3-76*01_S5420   ,MT562441
IGHV4-117*01_S1924  ,MT562442
IGHV1-138*01_S8841  ,MT562443
IGHV3-88*01_S9155   ,MT562444
IGHV3-128*02_S1569  ,MT562445
IGHV3-9*01_S8777    ,MT562446
IGHV7-86*01_S9209   ,MT562447
IGHV3-36*01         ,MT562448
IGHV4-NL_29*01_S9610,MT562449
IGHV4-117*01_S0312  ,MT562450
IGHV3-88*01_S9470   ,MT562451
IGHV4-NL_28*01_S2610,MT562452
IGHV3-28*01_S8684   ,MT562453
IGHV3-141*01_S6168  ,MT562454
IGHV4-NL_27*01_S0673,MT562455
IGHV3-122*01_S2709  ,MT562456
IGHV3-141*02_S2868  ,MT562457
IGHV3-128*02_S6299  ,MT562458
IGHV4-NL_34*01_S4749,MT562459
IGHV3-NL_16*01_S5133,MT562460
IGHV4-NL_9*01_S1435 ,MT562461
IGHV3-NL_15*01_S7302,MT562462
IGHV4-67*02_S6848   ,MT562463
IGHV4-144*01_S8596  ,MT562464
IGHV3-NL_10*02_S1970,MT562465
IGHV4-NL_17*01_S4004,MT562466
IGHV2-69*01_S2332   ,MT562467
IGHV4-NL_36*01_S5319,MT562468
IGHV4-NL_1*02_S1702 ,MT562469
IGHV4-NL_29*01_S1425,MT562470
IGHV4-93*01_S0998   ,MT562471
IGHV2-NL_1*01_S7874 ,MT562472
IGHV1-84*01_S9366   ,MT562473
IGHV4-150*01_S6885  ,MT562474
IGHV4-93*01_S0054   ,MT562475
IGHV4-NL_3*01_S7576 ,MT562476
IGHV4-NL_17*01_S6727,MT562477
IGHV3-NL_11*01_S2687,MT562478
IGHV3-187*01_S2144  ,MT562479
IGHV5-15*01_S6979   ,MT562480
IGHV3-NL_19*01_S5168,MT562481
IGHV3-NL_13*01_S2791,MT562482
IGHV1-138*01_S3445  ,MT562483
IGHV3-143*01_S1151  ,MT562484
IGHV3-50*01_S1524   ,MT562485
IGHV1-84*01_S4663   ,MT562486
IGHV4-NL_20*01_S6186,MT562487
IGHV3-53*01_S7463   ,MT562488
IGHV4-NL_13*01_S9744,MT562489
IGHV3-NL_14*01_S0218,MT562490
IGHV3-87*01_S6311   ,MT562491
IGHV3-5*01_S4091    ,MT562492
IGHV3-NL_14*01_S6338,MT562493
IGHV3-187*01_S6840  ,MT562494
IGHV4-NL_24*01_S1628,MT562495
IGHV3-127*01_S9779  ,MT562496
IGHV7-86*01_S3619   ,MT562497
IGHV4-144*01_S2055  ,MT562498
IGHV2-69*01_S8735   ,MT562499
IGHV1-NL_2*01_S7386 ,MT562500
IGHV3-36*01_S9128   ,MT562501
IGHV3-100*01_S4205  ,MT562502
IGHV4-NL_11*01_S9942,MT562503
IGHV4-NL_16*01_S3062,MT562504
IGHV4-NL_9*01_S6766 ,MT562505
IGHV1-84*01_S0025   ,MT562506
IGHV4-NL_1*01_S2370 ,MT562507
IGHV4-67*01_S0439   ,MT562508
IGHV4-149*01_S3573  ,MT562509
IGHV4-NL_25*01_S8575,MT562510
IGHV3-127*01_S5171  ,MT562511
IGHV4-NL_21*01_S6468,MT562512
IGHV3-172*01_S0072  ,MT562513
IGHV1-138*01_S8712  ,MT562514
IGHV4-NL_17*01_S3082,MT562515
IGHV3-NL_17*01_S4736,MT562516
IGHV3-128*02_S5001  ,MT562517
IGHV3-NL_4*01_S9067 ,MT562518
IGHV4-NL_20*01_S5229,MT562519
IGHV4-NL_36*01_S0538,MT562520
IGHV3-NL_12*02_S5864,MT562521
IGHV3-83*01_S9109   ,MT562522
IGHV3-53*01_S3451   ,MT562523
IGHV3-NL_18*01_S6383,MT562524
IGHV5-157*02_S3440  ,MT562525
IGHV4-NL_33*01_S2532,MT562526
IGHV3-NL_14*01_S6089,MT562527
IGHV4-NL_36*01_S0211,MT562528
IGHV4-NL_10*01_S0458,MT562529
IGHV4-150*01_S2067  ,MT562530
IGHV4-149*01_S1166  ,MT562531
IGHV4-NL_27*01_S3510,MT562532
IGHV4-NL_11*01_S0325,MT562533
IGHV2-118*01_S4531  ,MT562534
IGHV1-84*01_S0240   ,MT562535
IGHV4-NL_1*02_S4188 ,MT562536
IGHV3-141*01_S2525  ,MT562537
IGHV4-NL_9*01_S4906 ,MT562538
IGHV4-NL_36*01_S3269,MT562539
IGHV3-NL_17*01_S3909,MT562540
IGHV3-83*02_S2462   ,MT562541
IGHV3-94*01_S5120   ,MT562542
IGHV4-67*02_S8103   ,MT562543
IGHV3-73*02_S7884   ,MT562544
IGHV3-NL_18*01_S7053,MT562545
IGHV4-NL_5*01_S4603 ,MT562546
IGHV3-172*01_S0645  ,MT562547
IGHV5-15*01_S2952   ,MT562548
IGHV3-5*01_S0969    ,MT562549
IGHV4-NL_29*01_S5315,MT562550
IGHV4-NL_19*01_S3005,MT562551
IGHV3-NL_4*01_S0257 ,MT562552
IGHV4-67*02_S7550   ,MT562553
IGHV4-NL_40*01_S0979,MT562554
IGHV3-NL_1*01_S5238 ,MT562555
IGHV1-138*01_S9603  ,MT562556
IGHV4-144*01_S3676  ,MT562557
IGHV3-53*01_S1558   ,MT562558
IGHV3-103*01_S2756  ,MT562559
IGHV4-NL_36*01_S6973,MT562560
IGHV4-NL_15*01_S7687,MT562561
IGHV3-NL_1*01_S2788 ,MT562562
IGHV4-NL_25*01_S6383,MT562563
IGHV3-76*02_S2075   ,MT562564
IGHV4-NL_32*01_S3033,MT562565
IGHV3-128*02        ,MT562566
IGHV4-NL_27*01_S5829,MT562567
IGHV3-141*01_S5053  ,MT562568
IGHV3-88*02_S9774   ,MT562569
IGHV1-NL_2*01_S3568 ,MT562570
IGHV4-NL_10*01_S6744,MT562571
IGHV7-86*01_S3594   ,MT562572
IGHV3-88*02_S7929   ,MT562573
IGHV1-NL_2*01_S9896 ,MT562574
IGHV3-88*01_S6871   ,MT562575
IGHV4-79*01_S1478   ,MT562576
IGHV4-150*01_S8107  ,MT562577
IGHV4-NL_20*01_S3862,MT562578
IGHV7-86*01_S2268   ,MT562579
IGHV3-73*02_S4412   ,MT562580
IGHV4-150*01_S9891  ,MT562581
IGHV3-NL_11*02_S2668,MT562582
IGHV3-5*01_S2703    ,MT562583
IGHV3-187*02_S6102  ,MT562584
IGHV3-NL_12*02_S2468,MT562585
IGHV2-69*01_S2931   ,MT562586
IGHV4-117*01_S4901  ,MT562587
IGHV3-187*01_S8951  ,MT562588
IGHV3-50*01_S5299   ,MT562589
IGHV4-NL_25*01_S0581,MT562590
IGHV4-NL_33*01_S6730,MT562591
IGHV4-NL_5*01_S2634 ,MT562592
IGHV4-144*01_S5374  ,MT562593
IGHV3-NL_14*01_S9303,MT562594
IGHV3-127*01_S7059  ,MT562595
IGHV3-128*01_S5770  ,MT562596
IGHV3-88*02_S5672   ,MT562597
IGHV4-NL_5*01_S2528 ,MT562598
IGHV7-86*01_S4789   ,MT562599
IGHV2-118*01_S3831  ,MT562600
IGHV3-5*01_S6059    ,MT562601
IGHV4-93*01_S8059   ,MT562602
IGHV4-NL_1*01_S5917 ,MT562603
IGHV4-NL_31*01_S1675,MT562604
IGHV4-NL_38*01_S6954,MT562605
IGHV4-NL_36*01_S3780,MT562606
IGHV3-9*01_S8326    ,MT562607
IGHV4-NL_38*01_S6639,MT562608
IGHV3-37*01_S9699   ,MT562609
IGHV4-NL_1*01_S1456 ,MT562610
IGHV3-50*01_S3548   ,MT562611
IGHV3-NL_15*01_S3018,MT562612
IGHV3-187*01_S4220  ,MT562613
IGHV4-NL_1*01_S5424 ,MT562614
IGHV3-NL_11*01_S8458,MT562615
IGHV4-117*01_S0201  ,MT562616
IGHV3-128*02_S2156  ,MT562617
IGHV4-NL_25*01_S6200,MT562618
IGHV4-NL_4*01_S5211 ,MT562619
IGHV3-119*02        ,MT562620
IGHV3-9*01_S5797    ,MT562621
IGHV3-NL_17*01_S6544,MT562622
IGHV1-138*01_S9115  ,MT562623
IGHV4-144*01_S7342  ,MT562624
IGHV4-NL_20*01_S3868,MT562625
IGHV5-15*01_S3383   ,MT562626
IGHV4-NL_27*01_S2822,MT562627
IGHV3-53*01_S8116   ,MT562628
IGHV1-NL_2*01_S5959 ,MT562629
IGHV3-NL_19*01_S4000,MT562630
IGHV4-144*01_S2372  ,MT562631
IGHV4-NL_5*01_S8913 ,MT562632
IGHV3-28*01_S0096   ,MT562633
IGHV3-53*01_S3027   ,MT562634
IGHV4-NL_25*01_S8389,MT562635
IGHV7-86*01_S7736   ,MT562636
IGHV4-NL_8*02_S1304 ,MT562637
IGHV4-NL_24*01_S9400,MT562638
IGHV4-NL_23*01_S7678,MT562639
IGHV3-128*02_S2995  ,MT562640
IGHV5-157*01_S8185  ,MT562641
IGHV4-NL_1*01_S7297 ,MT562642
IGHV4-NL_17*01_S4839,MT562643
IGHV4-NL_21*01_S3257,MT562644
IGHV4-NL_1*02_S3654 ,MT562645
IGHV4-NL_38*01_S5467,MT562646
IGHV1-NL_2*01_S0023 ,MT562647
IGHV4-117*01_S5807  ,MT562648
IGHV3-127*01_S1834  ,MT562649
IGHV3-175*01        ,MT562650
IGHV4-NL_3*01_S1577 ,MT562651
IGHV4-NL_21*01_S9849,MT562652
IGHV3-36*01_S7141   ,MT562653
IGHV3-NL_15*01_S0604,MT562654
IGHV4-117*01_S6342  ,MT562655
IGHV4-NL_42*01_S6064,MT562656
IGHV4-NL_40*01_S6921,MT562657
IGHV1-NL_2*01_S5797 ,MT562658
IGHV3-143*01        ,MT562659
IGHV3-53*01_S4423   ,MT562660
IGHV4-NL_5*01_S5442 ,MT562661
IGHV4-NL_27*01_S7643,MT562662
IGHV2-NL_1*01_S4514 ,MT562663
IGHV4-NL_27*01_S5151,MT562664
IGHV3-NL_13*01_S5767,MT562665
IGHV4-NL_1*02_S2070 ,MT562666
IGHV3-119*01_S9769  ,MT562667
IGHV4-NL_38*01_S9244,MT562668
IGHV4-NL_9*01_S6142 ,MT562669
IGHV4-NL_1*02_S8977 ,MT562670
IGHV3-50*01_S4628   ,MT562671
IGHV2-NL_1*01_S2488 ,MT562672
IGHV3-NL_2*01_S1693 ,MT562673
IGHV3-122*01_S8125  ,MT562674
IGHV4-NL_33*01_S5535,MT562675
IGHV3-50*02_S9583   ,MT562676
IGHV6-1*02_S1768    ,MT562677
IGHV4-174*02_S5400  ,MT562678
IGHV1-60*01_S1918   ,MT562679
IGHV4-NL_25*01_S6604,MT562680
IGHV4-NL_22*01_S2980,MT562681
IGHV2-NL_1*01_S3296 ,MT562682
IGHV4-NL_1*02_S8887 ,MT562683
IGHV3-NL_15*01_S2828,MT562684
IGHV3-94*01_S7982   ,MT562685
IGHV3-NL_19*01_S6635,MT562686
IGHV3-141*02_S1149  ,MT562687
IGHV4-NL_20*01_S7244,MT562688
IGHV7-135*01_S4281  ,MT562689
IGHV4-NL_24*01_S8809,MT562690
IGHV1-138*01_S8860  ,MT562691
IGHV4-NL_27*01_S4348,MT562692
IGHV4-NL_42*01_S3076,MT562693
IGHV4-NL_1*02_S5220 ,MT562694
IGHV7-86*01_S6180   ,MT562695
IGHV4-NL_9*01_S4990 ,MT562696
IGHV4-NL_36*01_S6687,MT562697
IGHV3-128*02_S3121  ,MT562698
IGHV4-NL_17*01_S2080,MT562699
IGHV4-NL_9*01_S9889 ,MT562700
IGHV3-127*01_S3553  ,MT562701
IGHV3-94*01_S4458   ,MT562702
IGHV3-NL_17*01_S0507,MT562703
IGHV4-NL_5*01_S5308 ,MT562704
IGHV5-157*01_S3631  ,MT562705
IGHV3-5*01_S0388    ,MT562706
IGHV3-NL_12*02_S6994,MT562707
IGHV3-177*01_S1591  ,MT562708
IGHV4-NL_23*01_S6914,MT562709
IGHV3-34*01_S1309   ,MT562710
IGHV3-NL_13*01_S3940,MT562711
IGHV4-NL_5*01_S8078 ,MT562712
IGHV4-149*01_S5861  ,MT562713
IGHV4-NL_24*01_S7468,MT562714
IGHV3-83*02         ,MT562715
IGHV4-NL_21*01_S1118,MT562716
IGHV4-NL_19*01_S2661,MT562717
IGHV3-88*02_S7485   ,MT562718
IGHV4-150*01_S8038  ,MT562719
IGHV4-NL_1*01_S1134 ,MT562720
IGHV4-93*01_S6528   ,MT562721
IGHV4-NL_1*01_S4750 ,MT562722
IGHV4-NL_29*01_S3018,MT562723
IGHV4-117*01_S2204  ,MT562724
IGHV3-NL_10*02_S2212,MT562725
IGHV4-NL_1*02_S4582 ,MT562726
IGHV3-37*01_S6630   ,MT562727
IGHV1-138*01_S8042  ,MT562728
IGHV4-NL_5*01_S8781 ,MT562729
IGHV3-88*01_S9315   ,MT562730
IGHV4-NL_16*01_S3640,MT562731
IGHV4-174*01        ,MT562732
IGHV4-149*01_S3418  ,MT562733
IGHV4-144*01_S4873  ,MT562734
IGHV4-NL_33*01_S4143,MT562735
IGHV4-NL_17*01_S2333,MT562736
IGHV4-117*01_S3225  ,MT562737
IGHV4-NL_3*01_S7864 ,MT562738
IGHV4-150*01_S1985  ,MT562739
IGHV4-NL_23*01_S7000,MT562740
IGHV4-NL_1*01_S1908 ,MT562741
IGHV4-NL_17*01_S0904,MT562742
IGHV4-NL_1*01_S0860 ,MT562743
IGHV3-36*01_S5206   ,MT562744
IGHV4-NL_1*02_S4829 ,MT562745
IGHV4-NL_21*01_S6392,MT562746
IGHV3-NL_11*01_S7399,MT562747
IGHV3-88*01_S0560   ,MT562748
IGHV4-NL_17*01_S3842,MT562749
IGHV4-NL_42*01_S2425,MT562750
IGHV1-NL_2*01_S4623 ,MT562751
IGHV2-69*01_S4887   ,MT562752
IGHV3-128*02_S2828  ,MT562753
IGHV3-128*01_S3347  ,MT562754
IGHV3-83*02_S3229   ,MT562755
IGHV1-NL_2*01_S4581 ,MT562756
IGHV3-100*01_S8697  ,MT562757
IGHV3-94*01_S3427   ,MT562758
IGHV4-NL_18*01_S0143,MT562759
IGHV4-NL_9*02_S2874 ,MT562760
IGHV4-NL_31*01_S8320,MT562761
IGHV3-34*02_S0239   ,MT562762
IGHV1-138*01_S1423  ,MT562763
IGHV3-NL_14*01_S0414,MT562764
IGHV4-NL_12*01_S2985,MT562765
IGHV4-NL_36*01_S4591,MT562766
IGHV3-NL_1*01_S1780 ,MT562767
IGHV3-NL_1*01_S9891 ,MT562768
IGHV1-84*01_S9762   ,MT562769
IGHV7-86*01_S5982   ,MT562770
IGHV3-NL_11*01_S7825,MT562771
IGHV3-141*01_S7670  ,MT562772
IGHV3-53*01_S5918   ,MT562773
IGHV3-152*01_S2211  ,MT562774
IGHV3-NL_5*01_S7761 ,MT562775
IGHV3-76*02_S2453   ,MT562776
IGHV3-127*01_S9220  ,MT562777
IGHV3-NL_19*01_S1690,MT562778
IGHV4-NL_22*01_S0411,MT562779
IGHV4-174*02_S2437  ,MT562780
IGHV5-15*01_S8767   ,MT562781
IGHV2-69*01_S4953   ,MT562782
IGHV4-NL_35*01_S9510,MT562783
IGHV3-187*01_S1177  ,MT562784
IGHV1-NL_2*01_S1719 ,MT562785
IGHV3-NL_13*01_S6424,MT562786
IGHV3-NL_19*01_S4096,MT562787
IGHV1-170*01_S4252  ,MT562788
IGHV4-NL_43*01_S3820,MT562789
IGHV4-NL_24*01_S0522,MT562790
IGHV4-NL_5*01_S9644 ,MT562791
IGHV3-122*01_S2290  ,MT562792
IGHV4-NL_21*01_S3442,MT562793
IGHV4-NL_1*01_S5208 ,MT562794
IGHV1-105*01_S7247  ,MT562795
IGHV3-128*02_S0832  ,MT562796
IGHV3-NL_1*01_S1581 ,MT562797
IGHV4-93*01_S1335   ,MT562798
IGHV4-150*01_S6287  ,MT562799
IGHV1-124*01_S1287  ,MT562800
IGHV4-NL_1*01_S0857 ,MT562801
IGHV4-NL_14*01_S3059,MT562802
IGHV4-NL_28*01_S1039,MT562803
IGHV1-138*01_S2121  ,MT562804
IGHV1-124*01_S5161  ,MT562805
IGHV4-NL_1*01_S9198 ,MT562806
IGHV4-NL_42*01_S1512,MT562807
IGHV4-NL_39*01_S0397,MT562808
IGHV3-187*01_S3225  ,MT562809
IGHV3-103*01_S0760  ,MT562810
IGHV4-NL_1*01_S9026 ,MT562811
IGHV3-NL_19*01_S9475,MT562812
IGHV2-69*01_S7150   ,MT562813
IGHV4-NL_36*01_S5000,MT562814
IGHV4-117*01_S0217  ,MT562815
IGHV4-NL_3*01_S3122 ,MT562816
IGHV4-NL_32*01_S0782,MT562817
IGHV3-73*01_S5345   ,MT562818
IGHV4-NL_36*01_S5938,MT562819
IGHV3-NL_2*01_S8114 ,MT562820
IGHV3-34*02_S0219   ,MT562821
IGHV3-88*01_S3750   ,MT562822
IGHV4-NL_14*01_S5312,MT562823
IGHV4-NL_12*01_S6478,MT562824
IGHV4-NL_36*01_S3597,MT562825
IGHV3-NL_17*01_S8569,MT562826
IGHV3-141*02_S2271  ,MT562827
IGHV1-NL_2*01_S2809 ,MT562828
IGHV2-118*01_S2477  ,MT562829
IGHV1-NL_1*01_S8759 ,MT562830
IGHV3-128*02_S4192  ,MT562831
IGHV4-150*01_S0971  ,MT562832
IGHV4-NL_13*01_S6521,MT562833
IGHV4-NL_2*01_S1268 ,MT562834
IGHV3-NL_10*02_S8522,MT562835
IGHV2-69*01_S5706   ,MT562836
IGHV4-NL_1*01_S3539 ,MT562837
IGHV4-174*02_S9172  ,MT562838
IGHV4-NL_6*01_S1427 ,MT562839
IGHV4-NL_43*01_S1860,MT562840
IGHV1-NL_2*01_S3013 ,MT562841
IGHV4-NL_6*01_S6860 ,MT562842
IGHV1-NL_2*01_S5862 ,MT562843
IGHV3-127*01_S1513  ,MT562844
IGHV4-NL_29*01_S1436,MT562845
IGHV3-122*01_S1788  ,MT562846
IGHV3-73*01_S9948   ,MT562847
IGHV3-172*01_S0294  ,MT562848
IGHV4-NL_36*01_S7647,MT562849
IGHV4-NL_1*01_S7386 ,MT562850
IGHV2-NL_1*01_S9848 ,MT562851
IGHV4-NL_1*02_S9133 ,MT562852
IGHV3-28*01_S3617   ,MT562853
IGHV4-NL_28*01_S6567,MT562854
IGHV6-1*01_S5053    ,MT562855
IGHV4-144*01_S3577  ,MT562856
IGHV3-88*02_S7350   ,MT562857
IGHV3-NL_1*01_S4590 ,MT562858
IGHV4-NL_1*02_S3170 ,MT562859
IGHV3-103*01_S1165  ,MT562860
IGHV4-NL_29*01_S7793,MT562861
IGHV4-67*02_S1312   ,MT562862
IGHV3-NL_12*02_S5358,MT562863
IGHV4-NL_1*01_S3619 ,MT562864
IGHV3-127*01_S8342  ,MT562865
IGHV4-NL_12*01_S9315,MT562866
IGHV3-53*01_S4772   ,MT562867
IGHV4-NL_7*02_S8742 ,MT562868
IGHV4-NL_12*01_S1049,MT562869
IGHV1-NL_1*01_S3125 ,MT562870
IGHV4-117*01_S3378  ,MT562871
IGHV3-NL_17*01_S2401,MT562872
IGHV4-NL_3*01_S5200 ,MT562873
IGHV1-84*01_S3729   ,MT562874
IGHV4-NL_21*01_S3940,MT562875
IGHV3-NL_1*01_S2594 ,MT562876
IGHV3-NL_19*01_S8136,MT562877
IGHV4-NL_1*01_S8994 ,MT562878
IGHV2-NL_1*01_S4120 ,MT562879
IGHV4-93*01_S6658   ,MT562880
IGHV3-NL_1*01_S8831 ,MT562881
IGHV3-187*01_S8341  ,MT562882
IGHV7-86*01_S8793   ,MT562883
IGHV4-NL_17*01_S9085,MT562884
IGHV4-NL_9*01_S6608 ,MT562885
IGHV4-NL_4*01_S7226 ,MT562886
IGHV3-172*01_S0796  ,MT562887
IGHV4-NL_9*01_S4804 ,MT562888
IGHV1-105*01_S3660  ,MT562889
IGHV4-NL_33*01_S4287,MT562890
IGHV3-NL_2*01_S5821 ,MT562891
IGHV4-NL_1*01_S6224 ,MT562892
IGHV3-103*01_S6076  ,MT562893
IGHV4-150*01_S5380  ,MT562894
IGHV3-187*01_S6398  ,MT562895
IGHV4-117*01_S6313  ,MT562896
IGHV3-87*02_S7927   ,MT562897
IGHV3-NL_19*01_S8248,MT562898
IGHV4-NL_28*01_S7478,MT562899
IGHV1-138*01_S4144  ,MT562900
IGHV4-NL_6*01_S2831 ,MT562901
IGHV4-150*01_S0928  ,MT562902
IGHV3-NL_16*01_S4017,MT562903
IGHV3-36*01_S0689   ,MT562904
IGHV1-NL_2*01_S2318 ,MT562905
IGHV1-NL_2*01_S3477 ,MT562906
IGHV4-NL_42*01_S3655,MT562907
IGHV4-NL_27*01_S1767,MT562908
IGHV3-76*01_S0477   ,MT562909
IGHV2-7*02_S4078    ,MT562910
IGHV3-152*01_S8754  ,MT562911
IGHV3-NL_1*01_S5784 ,MT562912
IGHV4-117*01_S0406  ,MT562913
IGHV4-NL_5*01_S9199 ,MT562914
IGHV3-141*01_S2819  ,MT562915
IGHV4-NL_1*01_S4841 ,MT562916
IGHV1-84*01_S9022   ,MT562917
IGHV3-NL_2*01_S6231 ,MT562918
IGHV3-NL_9*01_S1652 ,MT562919
IGHV4-NL_13*01_S4123,MT562920
IGHV1-138*02_S0669  ,MT562921
IGHV3-73*01_S8108   ,MT562922
IGHV3-143*01_S5283  ,MT562923
IGHV3-9*01_S1378    ,MT562924
IGHV3-94*01_S9358   ,MT562925
IGHV3-NL_2*01_S9948 ,MT562926
IGHV4-NL_23*01_S3043,MT562927
IGHV3-34*01_S4677   ,MT562928
IGHV3-NL_14*01_S9823,MT562929
IGHV4-NL_12*01_S7070,MT562930
IGHV3-52*02_S4087   ,MT562931
IGHV4-NL_36*01_S7873,MT562932
IGHV4-NL_9*01_S2406 ,MT562933
IGHV4-150*01_S3982  ,MT562934
IGHV3-37*01_S4016   ,MT562935
IGHV4-NL_42*01_S5701,MT562936
IGHV3-NL_5*01_S3315 ,MT562937
IGHV2-173*01_S2781  ,MT562938
IGHV2-69*01_S2886   ,MT562939
IGHV4-NL_21*01_S2225,MT562940
IGHV4-NL_38*01_S9225,MT562941
IGHV3-53*01_S6933   ,MT562942
IGHV3-NL_1*01_S1263 ,MT562943
IGHV3-5*01_S0199    ,MT562944
IGHV4-NL_1*01_S7317 ,MT562945
IGHV4-NL_42*01_S8528,MT562946
IGHV4-NL_10*01_S8809,MT562947
IGHV4-NL_25*01_S8450,MT562948
IGHV3-NL_10*02_S3155,MT562949
IGHV3-100*01_S8172  ,MT562950
IGHV4-NL_28*01_S5354,MT562951
IGHV3-122*01_S8501  ,MT562952
IGHV4-NL_22*01_S9735,MT562953
IGHV2-69*01_S5453   ,MT562954
IGHV4-NL_36*01_S0869,MT562955
IGHV3-36*01_S4906   ,MT562956
IGHV5-15*01_S0250   ,MT562957
IGHV4-150*01_S1575  ,MT562958
IGHV4-NL_1*01_S2934 ,MT562959
IGHV3-87*01_S5669   ,MT562960
IGHV4-NL_9*01_S7216 ,MT562961
IGHV1-NL_2*01_S1258 ,MT562962
IGHV3-NL_2*01_S4683 ,MT562963
IGHV1-105*01_S8807  ,MT562964
IGHV4-NL_27*01_S7296,MT562965
IGHV4-174*02_S5700  ,MT562966
IGHV4-NL_16*01_S6904,MT562967
IGHV4-NL_32*01_S1450,MT562968
IGHV4-NL_1*01_S6348 ,MT562969
IGHV4-117*01_S8168  ,MT562970
IGHV3-NL_17*01_S0121,MT562971
IGHV4-117*01_S0068  ,MT562972
IGHV4-NL_6*01_S3486 ,MT562973
IGHV4-NL_8*02_S1704 ,MT562974
IGHV3-103*01_S9382  ,MT562975
IGHV1-138*01_S8728  ,MT562976
IGHV3-NL_12*02_S0206,MT562977
IGHV4-NL_12*01_S8068,MT562978
IGHV3-175*01_S1248  ,MT562979
IGHV4-NL_36*01_S9506,MT562980
IGHV4-NL_11*01_S4651,MT562981
IGHV4-NL_25*01_S9478,MT562982
IGHV3-73*02_S0085   ,MT562983
IGHV4-NL_6*01_S5805 ,MT562984
IGHV4-NL_6*01_S0677 ,MT562985
IGHV4-NL_5*01_S6281 ,MT562986
IGHV4-NL_40*01_S5093,MT562987
IGHV4-NL_25*01_S6960,MT562988
IGHV7-86*01_S0351   ,MT562989
IGHV3-NL_14*01_S4949,MT562990
IGHV3-100*01_S2822  ,MT562991
IGHV4-NL_19*01_S1944,MT562992
IGHV3-NL_19*01_S7515,MT562993
IGHV3-NL_14*01_S8830,MT562994
IGHV4-149*01_S5300  ,MT562995
IGHV5-15*01_S8725   ,MT562996
IGHV2-NL_1*01_S2133 ,MT562997
IGHV4-NL_20*01_S6889,MT562998
IGHV4-NL_28*01_S1050,MT562999
IGHV3-122*01_S2730  ,MT563000
IGHV3-53*01_S4071   ,MT563001
IGHV3-88*02_S7590   ,MT563002
IGHV5-157*02_S7648  ,MT563003
IGHV4-NL_6*01_S1133 ,MT563004
IGHV4-149*01_S2001  ,MT563005
IGHV4-144*01_S3064  ,MT563006
IGHV4-NL_1*01_S0477 ,MT563007
IGHV4-117*01_S0333  ,MT563008
IGHV3-53*01_S0543   ,MT563009
IGHV1-138*01        ,MT563010
IGHV3-NL_1*01_S2031 ,MT563011
IGHV4-NL_38*01_S2187,MT563012
IGHV3-177*01_S8970  ,MT563013
IGHV1-NL_1*01_S6622 ,MT563014
IGHV7-86*01_S0200   ,MT563015
IGHV3-141*01_S5017  ,MT563016
IGHV1-84*01_S2805   ,MT563017
IGHV3-141*02_S4530  ,MT563018
IGHV4-149*01_S8005  ,MT563019
IGHV5-157*02_S8705  ,MT563020
IGHV3-53*01_S2253   ,MT563021
IGHV2-118*01_S4527  ,MT563022
IGHV3-73*02_S8830   ,MT563023
IGHV5-15*01_S0308   ,MT563024
IGHV3-128*02_S1570  ,MT563025
IGHV4-117*01_S3779  ,MT563026
IGHV4-NL_40*01_S9974,MT563027
IGHV4-67*01_S6131   ,MT563028
IGHV3-34*01_S1458   ,MT563029
IGHV3-28*01_S5419   ,MT563030
IGHV3-187*01_S8972  ,MT563031
IGHV4-NL_34*01_S4637,MT563032
IGHV4-NL_22*01_S5234,MT563033
IGHV3-28*01_S5703   ,MT563034
IGHV3-NL_1*01_S4549 ,MT563035
IGHV4-149*01_S9613  ,MT563036
IGHV3-37*01_S4420   ,MT563037
IGHV3-NL_7*01_S0199 ,MT563038
IGHV5-157*01_S0308  ,MT563039
IGHV4-NL_1*01_S5296 ,MT563040
IGHV3-NL_19*01_S2472,MT563041
IGHV1-84*01_S8557   ,MT563042
IGHV4-NL_33*01_S9428,MT563043
IGHV3-52*01_S3960   ,MT563044
IGHV2-69*01_S8510   ,MT563045
IGHV4-67*02_S8671   ,MT563046
IGHV3-88*02_S3953   ,MT563047
IGHV3-152*01_S1133  ,MT563048
IGHV4-NL_38*01_S6935,MT563049
IGHV3-NL_2*01_S6117 ,MT563050
IGHV3-76*01_S6599   ,MT563051
IGHV4-NL_26*01_S2261,MT563052
IGHV4-NL_1*02_S2275 ,MT563053
IGHV4-NL_17*01_S2814,MT563054
IGHV3-187*01_S3395  ,MT563055
IGHV3-88*02_S5187   ,MT563056
IGHV3-28*01_S3792   ,MT563057
IGHV3-NL_14*01_S7643,MT563058
IGHV3-52*02_S2646   ,MT563059
IGHV3-187*01_S9930  ,MT563060
IGHV4-149*01_S5636  ,MT563061
IGHV4-NL_27*01_S3198,MT563062
IGHV3-50*01_S7243   ,MT563063
IGHV2-NL_1*01_S5431 ,MT563064
IGHV3-53*02_S0150   ,MT563065
IGHV4-NL_1*01_S8446 ,MT563066
IGHV3-187*01_S1090  ,MT563067
IGHV4-149*01_S9484  ,MT563068
IGHV3-9*01_S7896    ,MT563069
IGHV4-NL_27*01_S1458     ,MT643213
IGHV3-NL_8*01_S9584        ,MT643214
IGHV3-NL_8*01_S7415        ,MT643215
IGHV4-NL_7*02_S0143        ,MT643216
IGHV4-150*01_S2344         ,MT643217
IGHV4-NL_1*02_S2524        ,MT643218
IGHV3-NL_8*01_S9578        ,MT643219
IGHV4-NL_6*01_S4760        ,MT643220
IGHV3-NL_8*01_S7860        ,MT643221
IGHV4-NL_33*01_S4764      ,MT643222
IGHV3-NL_8*01_S1198        ,MT643223
IGHV2-69*01_S4929          ,MT643224
IGHV2-69*01_S7500          ,MT643225
IGHV4-149*01_S7944         ,MT643226
IGHV4-149*01_S1940         ,MT643227
# Inferred Js MT672244-MT672249,
IGHJ1-1*01_S0456  ,MT672244
IGHJ1-1*01_S0488  ,MT672245
IGHJ2*01_S5087     ,MT672246
IGHJ4-3*01_S9191  ,MT672247
IGHJ5-5*01_S6098  ,MT672248
IGHJ6-6*01_S0171  ,MT672249
